BoroughName,trend_slope,recent_trend,avg_crime_rate,volatility,range_crime_rate,seasonal_strength,peak_month,monthly_variation,covid_impact,recovery_rate,Arson And Criminal Damage,Burglary,Drug Offences,Fraud And Forgery,Miscellaneous Crimes Against Society,Nfib Fraud,Possession Of Weapons,Public Order Offences,Robbery,Sexual Offences,Theft,Vehicle Offences,Violence Against The Person,crime_diversity,cluster
Barking And Dagenham,-0.0080011329221826,-0.006860847387213,7.877738353574745,0.8273495252267756,4.716470435861254,0.2552837196059934,7,0.0361935454915165,-0.0963249170533852,0.036498147371536,8.181097722054012,15.525661606822322,5.560071257781119,0.6153773207887125,1.285959101284943,0.0,0.6939505395135234,4.664268828784892,3.7203741710864096,2.1997114466277865,18.06235733203281,12.654352346697554,26.836818326525915,2.9568727898760763,1
Barnet,-0.0061407426011036,-0.0103432788759491,6.290617196138058,0.6518301995889546,3.772563119860133,0.3344618538126621,11,0.040857744731505,-0.1059916382117133,-0.0132091217039634,6.82267081026719,22.503420282501743,3.41122215074612,0.6761286932255756,1.1107990323545136,0.0,0.4561886727491823,4.678312237816093,2.7534406682914896,1.728941479192904,20.430638482934828,15.123084868307798,20.30515262161256,2.868944242085204,1
Bexley,0.0044690448841481,0.0064089360395418,5.064671399995572,0.6372410781097883,3.391931356178411,0.2397050066913471,11,0.0387838270793084,-0.0283919441149859,0.0798217025431795,10.29376008487876,13.89580248005128,5.016688402113127,0.4646227979045556,1.4778630003757651,0.0,0.607855706107292,5.5551380385048965,1.8080944276209636,2.1851860038460686,17.99871797705621,13.72074003669238,26.9755310448487,2.925746858038352,1
Brent,-0.0047402461326473,0.0130733004437317,7.71172018238107,0.7470609028762246,4.163207804339673,0.3640795885712855,10,0.0406496150007527,-0.1066940919142016,0.0643260158144304,6.830312736350969,16.642358861224462,7.69867567608567,0.6416827213762046,1.075539124008816,0.0002167114898264,0.7413700066963851,5.172469839178404,3.887804127487035,1.8294783971151367,19.207139343320843,11.39360657762714,24.879345878039107,2.9716841492420696,1
Bromley,-0.0031299736037549,-0.001628094153982,6.090528025122194,0.5223651812985374,2.92176063359402,0.2420771827412636,11,0.0299748648027721,-0.1157347264016262,0.0517605846568581,8.721245749853253,18.70950593082367,4.073772579769855,0.4333211505022649,1.1817346136381257,0.0,0.5861603039062586,5.323066529332935,2.125073373868935,1.8941533486172488,21.145795261986244,13.187637749055831,22.61853340864538,2.8967929109013784,1
Camden,-0.0058379611021574,0.1028651114498774,12.268875675692492,1.802206030474025,9.56162444748758,0.2336371068459161,10,0.0423022174074236,-0.280350955576365,0.3623513792283056,4.874845773643732,14.380730386470931,4.931734058351126,0.5060840912281219,0.7467510878960939,0.0001847022230759,0.4497499131899551,4.49343568299188,3.6864716703730247,1.5581479538687726,39.72520003250759,8.407275789971408,16.239388857284286,2.680890299179425,0
Croydon,-0.0054483458348738,-0.0024839637509901,7.276473845681456,0.6527301691512121,3.5552023793262637,0.4184806133839026,7,0.041705609168324,-0.0670555658353418,0.0231927884849647,8.357980451539142,16.337743248854228,5.9985477386638015,0.4955005480417102,1.215334148016522,0.0,0.8577787485757804,4.859762325034978,3.644821743776234,2.2846550288976397,18.816033122578336,11.649182463452409,25.482660432569222,2.972088587807419,1
Ealing,-0.0105167817137858,-0.0001766887478262,7.39074212524336,0.8907099324430758,4.738197665508037,0.3591918401651492,7,0.045815474616673,-0.120923304440744,-0.0034972613710503,7.349130265408784,16.20992191866669,5.253340898697515,0.6228722413238258,1.1316288680747275,0.0004234345624227,0.5731186802391559,5.387993089547941,2.953879507460917,1.8446926711945932,20.351323656442133,13.704459612811435,24.61721515556986,2.9287775699514724,1
Enfield,0.0041844594709503,-0.0144254819621866,7.0290417049106,0.6672552512266026,3.502665658046067,0.2905451819299618,11,0.0380030928848761,0.0404366918143972,-0.0007853326707032,7.39096468433512,18.77019445683549,4.62481088901634,0.5551189186510044,1.2062979563032667,0.0,0.7722572711845606,4.300991519803254,3.655476960912736,1.93489153703271,17.58513829588877,16.083579384129546,23.1202781259072,2.941840431879366,1
Greenwich,0.000452633443554,-0.0032618395483524,7.694363025840011,0.7477330522304907,3.5338921638801573,0.3640962888622115,7,0.0425699744977708,-0.0493701687451618,0.0473886166228943,8.44160512720438,14.91737107525446,5.1058923821164095,0.4739993632077894,1.4543512422583529,0.0,0.7235808263919559,5.543430255846677,2.5230323634234773,2.1910273923358976,20.5416842126886,11.398580569620902,26.685445189651094,2.927279035904609,1
Hackney,-0.0026408051709638,-0.0023353377945081,9.657725764949692,0.9653639211024752,6.214699656210218,0.3713347973682926,7,0.0559740145200771,-0.0740846956565306,0.0237456511882057,5.72596069522513,15.384904494241258,5.202704395686999,0.3858649806649907,0.8794714819052709,0.0,0.7830052367390233,5.002046253685345,4.246185198486607,2.0055374130342183,29.776540745504505,9.154062022366809,21.45371708245985,2.85478552195856,0
Hammersmith And Fulham,-0.0140404304880995,-0.0033116084524268,9.671681027897096,1.1928879370088117,5.515049886268381,0.3369955545999953,10,0.0465528169115819,-0.1900526038753163,0.0350348548946112,6.156801448659165,12.381508795649127,6.043319069016252,0.5518118945439752,1.2489179409218685,0.000611764849827,0.6402119153439801,5.742330762901355,2.6691300397953035,1.8037886597149788,29.18026568947428,12.693814751485824,20.887487267644065,2.88169366988632,0
Haringey,-0.001232085188418,-0.0189571753545831,8.7700375447505,0.9068766819803818,4.371755750038247,0.3734246197460822,7,0.0427916725367237,-0.0514459631053601,-0.0162618576731844,6.762701356037672,16.64399412254983,5.0784984795390695,0.4099226256850023,0.9420271752583874,0.0,0.7387691420239958,4.590679199776529,4.749651963200076,1.950141599311421,22.35157053735065,13.855838956048572,21.926204843218787,2.941835923562901,1
Harrow,-0.0021627061420614,0.001825992638449,5.2352369305818645,0.5634722401801321,2.545720921392311,0.3195360149261672,11,0.0423383112277467,-0.0716060710520889,0.0136956837529655,6.982414319469712,21.268845534575416,4.617861698345984,0.7615582460322439,1.1893858603600778,0.0,0.5085419149781486,4.383246555004914,2.784016059218368,1.8363548919975743,18.5412876649311,13.190724128557388,23.935763126529075,2.893873834634562,1
Havering,-0.0034958852769987,0.0049378992278513,6.270479874522342,0.6212448555279703,3.942159030216764,0.1891995244433807,10,0.0334075456676553,-0.1651248029678125,0.1340818098746308,7.957524817543496,18.3148282660579,4.642177717823666,0.3600705613780222,1.2261768876898067,0.0,0.6672200892393899,4.79402303621459,2.273183217460482,2.104735221887863,20.33585832382138,13.302203313617657,24.021998547265746,2.9001380797857705,1
Hillingdon,-0.0050350532495674,0.0135443614225013,7.410996061489568,0.8559117930237187,4.069155779531715,0.3488108997665571,10,0.0411771501329862,-0.1208220372685162,0.0285401731531447,8.232608078589147,14.093472707302324,4.292537239753669,0.5326488047489171,3.547125103358057,0.000246825210727,0.6906169396142122,5.294400770094657,2.142442829110565,1.8348986165446937,22.126892840834763,13.34904787174962,23.863061373088648,2.962365472410833,1
Hounslow,-0.0035508807140334,0.0099521411029694,7.784618825001295,0.7722590850712349,3.723457740524776,0.3821877499043372,10,0.0431062350162312,-0.0908132019970859,0.0405619684433731,7.825614693393898,14.997167551049046,5.328122320217449,0.5085415226621902,1.480409327852068,0.0,0.6046888723734883,5.3507299402847,2.113682547437024,1.9367194524278504,21.592875741244093,12.82553673608332,25.435911294974872,2.9105459513386407,1
Islington,-0.0121062277063065,0.0351302997256454,10.624736035219648,1.2830789630956667,7.305955391267384,0.2480257224412481,10,0.0426712021790303,-0.2335782563511351,0.1598701765246589,5.823994412521032,14.486400928827672,4.820787961522588,0.4065888713020367,1.0102361526216252,0.0006802937054691,0.6406099059834098,5.42126053888332,3.974956121055997,1.682139569056614,33.5498179080515,8.72317942066188,19.45934791580685,2.806785089730872,0
Kensington And Chelsea,0.0012768928740293,0.0399804217478785,11.376773119404918,1.6135299908174918,11.608939970106285,0.481301998853994,8,0.0838299639905373,-0.2078652566859957,0.2522695299936659,4.743026176120599,14.244373678881376,5.6894900902719785,0.6469848669780759,0.8837537970211164,0.0,0.5744858535152844,4.347187680673965,2.7491503543886373,1.5448102024772026,36.5471503605067,11.943371234716322,16.086215704448747,2.7475452442123007,0
Kingston Upon Thames,-0.0040089061078787,-0.006538877306331,5.572244441592651,0.6514086956991997,3.569060188616555,0.2549016506981117,10,0.0407019420770219,-0.1334313952435183,0.0672518805346621,8.099018197877857,15.617108496495185,6.086720192057255,0.5424258552549628,1.0514455252697974,0.0,0.5673389425526855,4.9378871437145415,1.6335058375893192,2.1838585842571936,27.760539934546525,8.61200131359915,22.90814997678553,2.8467805520725467,1
Lambeth,-0.0118557472018521,0.0233997716118052,9.308424949232148,1.0322888571274105,5.57535567424608,0.4608925952891247,7,0.0565685696711366,-0.2008982225635198,0.1237966265455006,6.563892130429479,14.944301128905702,6.215444216474632,0.493543518668543,1.0311436701359749,0.0001820522016483,0.9355662642706172,4.998425248455742,4.768857422177235,2.179893062536752,27.01254157617155,8.981545368318912,21.87466434125321,2.933543953677885,0
Lewisham,-0.0052618505081193,0.0022190701362985,7.766795664559383,0.8025369223375568,4.482794497073067,0.3323342631564135,7,0.0366041483847764,-0.0457647989630713,0.0131332752672035,8.040234103012853,16.4707183048232,5.594290445811927,0.577259639812567,1.120645853328064,0.0,0.8792976909614407,5.468911722087356,3.63668868439376,2.2309414930653566,19.28244791960707,11.20245958712057,25.496104555975837,2.969205050734537,1
Merton,-0.006093249973817,-0.0052363536858133,5.85271847558809,0.6435537190210533,3.250470860250489,0.2797443110016568,7,0.0401318982763606,-0.1213739675251368,0.0185664322523314,8.283770951370558,18.919275033735737,4.523996674133207,0.5120562671234433,1.209034362746657,0.0,0.6420013357989577,4.84431581195222,2.8019973374891523,2.0759406250993897,21.26464721731268,12.09897634181914,22.82398804141885,2.9191312821064863,1
Newham,-0.0044511688217733,0.0339974178448844,8.511891324449945,0.8673086989667911,5.598147973628331,0.3588919816916757,10,0.0419127004739261,-0.1362885476693628,0.1360042630553112,6.369145525244639,12.539509887894246,6.150088305073184,0.6992397425888167,1.2809920487534965,0.0,0.7883027992329208,4.177246852473679,4.919502156462946,2.0029712951663394,25.45365310128933,12.732416678668072,22.88693160715233,2.947852446558219,1
Redbridge,-0.0072715386617622,-0.0174024220180869,6.794781622446582,0.7862638600880649,4.179036702320186,0.3543605209521302,10,0.0419715352607465,-0.0811146133093004,-0.0098436039786656,6.638358868950222,18.30585944367064,5.569243667933305,0.5433474421560806,1.10616776426997,0.0,0.5682294554355029,4.110670867760213,3.307414569500602,1.8894102692396115,19.480723201125095,15.689191199340083,22.79138325061867,2.920696907047585,1
Richmond Upon Thames,-0.0026401864380466,-0.0018989277456137,5.269293943785157,0.6167851928075726,3.083315802639433,0.3029354108178433,5,0.052019945960398,-0.0677428338860839,-0.0404228225306951,8.488779597911144,19.16136362424055,3.53974748094372,0.5355494983224072,1.0967029567239732,0.0005334158349824,0.363256183623067,4.938363800267775,1.782675720511439,1.9539022035408145,23.638856143083466,14.822559222493078,19.67771015250359,2.861213779500303,1
Southwark,-0.007396902009522,0.0346474664491503,9.627836114359484,1.0704759657432732,6.535387124396119,0.3385504789415786,7,0.0508080762308566,-0.1698254092171052,0.1250252278388941,6.354301792337347,15.141687830011143,6.468492499954323,0.4317322273582664,0.9254014945279811,0.0,0.8017101200372719,4.515740047137924,4.985109531726746,1.9494637604370304,29.48294447591033,8.556629455721412,20.386786764840224,2.8917500154178253,0
Sutton,0.000386654970128,-0.0106514969310709,5.181926780516635,0.5346568506329797,2.978174792694155,0.1899125250813605,10,0.0335050051447484,-0.0195800490636345,0.0228263678261634,9.548093150599042,15.022806953377676,4.057181969705678,0.2999127431566077,1.1844985866481357,0.0,0.6181128487008135,5.323189942995679,2.066994445866795,2.2718129046078928,19.702281740329905,13.421356504292309,26.483758209719472,2.8914885322613,1
Tower Hamlets,-0.0057052047275888,0.0031687045363761,9.012283452717982,0.901907598551213,5.808917703204747,0.4582479977979374,7,0.0603178841587999,-0.1007230761798727,0.0466322954224683,6.606161060802069,15.126940491591204,7.257236416558861,0.5045278137128072,1.0515038809831825,0.0004042690815006,0.6933214747736094,5.461877425614489,3.7421167529107375,1.970003234152652,25.14412192755498,9.489408150064683,22.952377102199225,2.9318215173738285,0
Waltham Forest,-0.0137736242144678,0.0055067384631831,7.479711701285823,1.006213309125168,5.044099553981361,0.3569743743390062,7,0.0412283280087675,-0.1276382744887038,-0.0257347332482259,7.1787677462200525,16.429872592608397,5.633983127922142,0.8118653967712081,1.0809758387364343,0.0002667100515017,0.7670581081189206,4.329237555975772,3.6947343434532014,1.8336316040742624,21.00101616529622,14.293525080079696,22.945065730692196,2.95460513054011,1
Wandsworth,-0.0061894025581842,-0.0139053371801225,6.863662759194432,0.701038738650866,4.379815671033163,0.3900221434529319,7,0.0513565119558277,-0.0793664330221616,-0.0351397871398184,6.725423458133291,17.966153293341453,3.671384510964496,0.4763592082805155,1.0777346362302491,0.0,0.5280126164073183,4.812001557088244,3.078493217682933,2.1622066735205165,24.438549911665184,13.72857755996287,21.33510335672293,2.8794107691872086,1
Westminster,0.0156009489572239,0.3138187541964896,22.14411609299289,5.090865790851352,28.7318022532134,0.2123086183194722,12,0.0642044062582885,-0.3832764373942407,0.9452637507957936,3.3939702147532302,9.667795525020438,4.979673458389092,0.5641590342942643,0.6107586313090536,0.0001013034717712,0.5007430609654423,3.835855958619558,3.960864442785319,1.3484505127475224,52.21606409673266,5.749275933435515,13.172287827476136,2.392709009938715,2
