BoroughName,BoroughName_std,Year,CrimeCount,Code,Area_name,Area_name_std,Population,CrimeRate_per_1000,CrimeRate_per_100k
Barking And Dagenham,barking and dagenham,2010,15833,E09000002,Barking and Dagenham,barking and dagenham,182838,86.59578424616326,8659.578424616326
Barking And Dagenham,barking and dagenham,2011,20555,E09000002,Barking and Dagenham,barking and dagenham,187418,109.67463103864091,10967.463103864091
Barking And Dagenham,barking and dagenham,2012,19330,E09000002,Barking and Dagenham,barking and dagenham,190949,101.23121880711604,10123.121880711604
Barking And Dagenham,barking and dagenham,2013,18302,E09000002,Barking and Dagenham,barking and dagenham,194741,93.9812366168398,9398.12366168398
Barking And Dagenham,barking and dagenham,2014,17684,E09000002,Barking and Dagenham,barking and dagenham,198683,89.00610520276017,8900.610520276017
Barking And Dagenham,barking and dagenham,2015,18399,E09000002,Barking and Dagenham,barking and dagenham,202368,90.91852466793168,9091.852466793169
Barking And Dagenham,barking and dagenham,2016,18535,E09000002,Barking and Dagenham,barking and dagenham,206849,89.60642787734048,8960.642787734048
Barking And Dagenham,barking and dagenham,2017,19910,E09000002,Barking and Dagenham,barking and dagenham,210513,94.57848208899212,9457.848208899213
Barking And Dagenham,barking and dagenham,2018,19644,E09000002,Barking and Dagenham,barking and dagenham,212773,92.32374408407082,9232.374408407082
Barking And Dagenham,barking and dagenham,2019,20952,E09000002,Barking and Dagenham,barking and dagenham,214858,97.51556842193449,9751.556842193448
Barking And Dagenham,barking and dagenham,2020,19346,E09000002,Barking and Dagenham,barking and dagenham,218367,88.59397253247973,8859.397253247973
Barking And Dagenham,barking and dagenham,2021,19819,E09000002,Barking and Dagenham,barking and dagenham,221495,89.47831779498408,8947.831779498409
Barking And Dagenham,barking and dagenham,2022,20858,E09000002,Barking and Dagenham,barking and dagenham,224407,92.94718970442098,9294.718970442098
Barking And Dagenham,barking and dagenham,2023,21299,E09000002,Barking and Dagenham,barking and dagenham,226988,93.83315417555113,9383.315417555114
Barking And Dagenham,barking and dagenham,2024,20168,E09000002,Barking and Dagenham,barking and dagenham,229337,87.94045444040866,8794.045444040865
Barking And Dagenham,barking and dagenham,2025,4632,E09000002,Barking and Dagenham,barking and dagenham,234317,19.768091943819698,1976.8091943819697
Barnet,barnet,2010,22015,E09000003,Barnet,barnet,351438,62.64262828720855,6264.262828720855
Barnet,barnet,2011,30671,E09000003,Barnet,barnet,357653,85.75630569294819,8575.630569294819
Barnet,barnet,2012,30017,E09000003,Barnet,barnet,364071,82.44820378442667,8244.820378442666
Barnet,barnet,2013,27214,E09000003,Barnet,barnet,369203,73.71012694913097,7371.012694913097
Barnet,barnet,2014,26494,E09000003,Barnet,barnet,375030,70.64501506546144,7064.501506546143
Barnet,barnet,2015,28295,E09000003,Barnet,barnet,379806,74.49855979105122,7449.855979105122
Barnet,barnet,2016,28608,E09000003,Barnet,barnet,386198,74.07599210767533,7407.599210767534
Barnet,barnet,2017,29770,E09000003,Barnet,barnet,391446,76.0513582971853,7605.135829718531
Barnet,barnet,2018,31283,E09000003,Barnet,barnet,397049,78.78876410720088,7878.876410720087
Barnet,barnet,2019,34619,E09000003,Barnet,barnet,402363,86.03922328842364,8603.922328842364
Barnet,barnet,2020,29507,E09000003,Barnet,barnet,407148,72.47241789226521,7247.241789226522
Barnet,barnet,2021,29152,E09000003,Barnet,barnet,411275,70.88201325147408,7088.201325147407
Barnet,barnet,2022,29949,E09000003,Barnet,barnet,415041,72.1591360853506,7215.91360853506
Barnet,barnet,2023,28852,E09000003,Barnet,barnet,418291,68.97590433454222,6897.590433454222
Barnet,barnet,2024,28240,E09000003,Barnet,barnet,420924,67.09049614657278,6709.049614657278
Barnet,barnet,2025,6798,E09000003,Barnet,barnet,422894,16.074950223933186,1607.4950223933185
Bexley,bexley,2010,11207,E09000004,Bexley,bexley,230711,48.57592399148719,4857.592399148718
Bexley,bexley,2011,13016,E09000004,Bexley,bexley,233002,55.86218144050266,5586.218144050266
Bexley,bexley,2012,13245,E09000004,Bexley,bexley,234499,56.482117194529614,5648.211719452961
Bexley,bexley,2013,12908,E09000004,Bexley,bexley,236915,54.48367557984931,5448.367557984931
Bexley,bexley,2014,12934,E09000004,Bexley,bexley,240093,53.8707917348694,5387.07917348694
Bexley,bexley,2015,12931,E09000004,Bexley,bexley,242370,53.35231257993976,5335.231257993976
Bexley,bexley,2016,13896,E09000004,Bexley,bexley,244988,56.721145525495125,5672.114552549513
Bexley,bexley,2017,15587,E09000004,Bexley,bexley,247179,63.059564121547545,6305.956412154755
Bexley,bexley,2018,16456,E09000004,Bexley,bexley,249999,65.82426329705318,6582.4263297053185
Bexley,bexley,2019,19168,E09000004,Bexley,bexley,252885,75.79729916760583,7579.729916760583
Bexley,bexley,2020,16065,E09000004,Bexley,bexley,254970,63.00741263678079,6300.741263678079
Bexley,bexley,2021,15285,E09000004,Bexley,bexley,256845,59.510599778076276,5951.059977807628
Bexley,bexley,2022,16227,E09000004,Bexley,bexley,258607,62.747721446055216,6274.772144605521
Bexley,bexley,2023,16694,E09000004,Bexley,bexley,260232,64.15045036736451,6415.045036736451
Bexley,bexley,2024,16646,E09000004,Bexley,bexley,262798,63.34142573383358,6334.1425733833585
Bexley,bexley,2025,3940,E09000004,Bexley,bexley,265249,14.853967404212645,1485.3967404212644
Brent,brent,2010,23844,E09000005,Brent,brent,304785,78.23219646636154,7823.219646636154
Brent,brent,2011,33345,E09000005,Brent,brent,313084,106.50496352416604,10650.496352416603
Brent,brent,2012,31582,E09000005,Brent,brent,315499,100.1017435871429,10010.174358714292
Brent,brent,2013,27035,E09000005,Brent,brent,318103,84.98819564732179,8498.819564732179
Brent,brent,2014,27407,E09000005,Brent,brent,321601,85.22050615514256,8522.050615514256
Brent,brent,2015,28085,E09000005,Brent,brent,324851,86.45502091728207,8645.502091728207
Brent,brent,2016,29896,E09000005,Brent,brent,329093,90.84362171179576,9084.362171179577
Brent,brent,2017,32142,E09000005,Brent,brent,332750,96.59504132231405,9659.504132231405
Brent,brent,2018,33189,E09000005,Brent,brent,336859,98.52490211037852,9852.490211037852
Brent,brent,2019,32550,E09000005,Brent,brent,340710,95.5357929030554,9553.579290305539
Brent,brent,2020,30088,E09000005,Brent,brent,343853,87.50250833931942,8750.250833931941
Brent,brent,2021,29075,E09000005,Brent,brent,346437,83.9257931456513,8392.57931456513
Brent,brent,2022,31175,E09000005,Brent,brent,348783,89.38222333083895,8938.222333083895
Brent,brent,2023,31990,E09000005,Brent,brent,350714,91.21392359586444,9121.392359586443
Brent,brent,2024,32441,E09000005,Brent,brent,353130,91.86701781213718,9186.701781213716
Brent,brent,2025,7599,E09000005,Brent,brent,358170,21.216182259820755,2121.6182259820757
Bromley,bromley,2010,18256,E09000006,Bromley,bromley,308560,59.16515426497278,5916.515426497278
Bromley,bromley,2011,24708,E09000006,Bromley,bromley,311110,79.41885506733952,7941.885506733952
Bromley,bromley,2012,23661,E09000006,Bromley,bromley,314592,75.21170277693012,7521.170277693012
Bromley,bromley,2013,22249,E09000006,Bromley,bromley,318455,69.8654440972822,6986.54440972822
Bromley,bromley,2014,22601,E09000006,Bromley,bromley,321834,70.22564427624178,7022.564427624178
Bromley,bromley,2015,23530,E09000006,Bromley,bromley,325413,72.3081130747696,7230.81130747696
Bromley,bromley,2016,22825,E09000006,Bromley,bromley,327445,69.7063629006398,6970.636290063981
Bromley,bromley,2017,25177,E09000006,Bromley,bromley,330909,76.08436156163779,7608.43615616378
Bromley,bromley,2018,25582,E09000006,Bromley,bromley,332733,76.8844689285403,7688.44689285403
Bromley,bromley,2019,27681,E09000006,Bromley,bromley,334292,82.8048532420758,8280.485324207579
Bromley,bromley,2020,23279,E09000006,Bromley,bromley,336395,69.20138527623776,6920.138527623776
Bromley,bromley,2021,23767,E09000006,Bromley,bromley,339466,70.01290261764065,7001.290261764065
Bromley,bromley,2022,24035,E09000006,Bromley,bromley,342548,70.1653490897626,7016.53490897626
Bromley,bromley,2023,23895,E09000006,Bromley,bromley,345216,69.21753337041157,6921.7533370411575
Bromley,bromley,2024,24156,E09000006,Bromley,bromley,347455,69.52267200069073,6952.267200069074
Bromley,bromley,2025,5762,E09000006,Bromley,bromley,349207,16.500241976821773,1650.0241976821771
Camden,camden,2010,26905,E09000007,Camden,camden,214725,125.2998020724182,12529.98020724182
Camden,camden,2011,38349,E09000007,Camden,camden,220087,174.24473049294141,17424.47304929414
Camden,camden,2012,35853,E09000007,Camden,camden,224961,159.3742915438676,15937.429154386758
Camden,camden,2013,31790,E09000007,Camden,camden,229718,138.38706588077557,13838.706588077557
Camden,camden,2014,30526,E09000007,Camden,camden,234845,129.9836062083502,12998.36062083502
Camden,camden,2015,32835,E09000007,Camden,camden,241058,136.21203195911357,13621.203195911357
Camden,camden,2016,32414,E09000007,Camden,camden,246180,131.66788528718823,13166.788528718824
Camden,camden,2017,40518,E09000007,Camden,camden,249556,162.3603519851256,16236.035198512558
Camden,camden,2018,39077,E09000007,Camden,camden,252637,154.6764725673595,15467.64725673595
Camden,camden,2019,42734,E09000007,Camden,camden,255526,167.23934159341908,16723.93415934191
Camden,camden,2020,31325,E09000007,Camden,camden,257384,121.70531190750008,12170.531190750007
Camden,camden,2021,29411,E09000007,Camden,camden,259344,113.40536121907583,11340.536121907582
Camden,camden,2022,36329,E09000007,Camden,camden,261082,139.14785393094888,13914.78539309489
Camden,camden,2023,40317,E09000007,Camden,camden,262494,153.59208210473383,15359.208210473382
Camden,camden,2024,42909,E09000007,Camden,camden,263550,162.81161070005692,16281.161070005692
Camden,camden,2025,10120,E09000007,Camden,camden,264300,38.289822171774496,3828.98221717745
Croydon,croydon,2010,26760,E09000008,Croydon,croydon,357951,74.75883570656319,7475.8835706563195
Croydon,croydon,2011,36268,E09000008,Croydon,croydon,364815,99.41477187067417,9941.477187067418
Croydon,croydon,2012,35654,E09000008,Croydon,croydon,368886,96.65316656094295,9665.316656094294
Croydon,croydon,2013,31844,E09000008,Croydon,croydon,372752,85.4294544361935,8542.94544361935
Croydon,croydon,2014,30999,E09000008,Croydon,croydon,376040,82.43537921497713,8243.537921497713
Croydon,croydon,2015,31455,E09000008,Croydon,croydon,379031,82.98793502378433,8298.793502378434
Croydon,croydon,2016,32247,E09000008,Croydon,croydon,382304,84.34910437766803,8434.910437766803
Croydon,croydon,2017,32527,E09000008,Croydon,croydon,386346,84.19137250029766,8419.137250029766
Croydon,croydon,2018,33200,E09000008,Croydon,croydon,391296,84.84625449787374,8484.625449787374
Croydon,croydon,2019,35837,E09000008,Croydon,croydon,396548,90.37241393223519,9037.24139322352
Croydon,croydon,2020,34293,E09000008,Croydon,croydon,400272,85.67424151576927,8567.424151576928
Croydon,croydon,2021,34150,E09000008,Croydon,croydon,403461,84.64262964697951,8464.262964697951
Croydon,croydon,2022,35339,E09000008,Croydon,croydon,406399,86.95641475495756,8695.641475495757
Croydon,croydon,2023,33889,E09000008,Croydon,croydon,411580,82.33879197239905,8233.879197239905
Croydon,croydon,2024,35415,E09000008,Croydon,croydon,416582,85.01327469741851,8501.327469741851
Croydon,croydon,2025,8296,E09000008,Croydon,croydon,421090,19.70125151392814,1970.125151392814
Ealing,ealing,2010,28058,E09000009,Ealing,ealing,334073,83.98763144582172,8398.763144582172
Ealing,ealing,2011,35555,E09000009,Ealing,ealing,339665,104.67666671573463,10467.666671573463
Ealing,ealing,2012,34022,E09000009,Ealing,ealing,341022,99.76482455677346,9976.482455677346
Ealing,ealing,2013,29864,E09000009,Ealing,ealing,342845,87.10641835231664,8710.641835231663
Ealing,ealing,2014,28233,E09000009,Ealing,ealing,342469,82.43957847279609,8243.957847279607
Ealing,ealing,2015,29406,E09000009,Ealing,ealing,343410,85.62942255612823,8562.942255612823
Ealing,ealing,2016,30238,E09000009,Ealing,ealing,343547,88.01706898910484,8801.706898910485
Ealing,ealing,2017,30676,E09000009,Ealing,ealing,347126,88.37136947390862,8837.136947390862
Ealing,ealing,2018,30419,E09000009,Ealing,ealing,350784,86.7171820835614,8671.71820835614
Ealing,ealing,2019,33924,E09000009,Ealing,ealing,354184,95.7807241433831,9578.072414338309
Ealing,ealing,2020,30500,E09000009,Ealing,ealing,361833,84.29303021006929,8429.303021006928
Ealing,ealing,2021,29850,E09000009,Ealing,ealing,369685,80.7444175446664,8074.441754466641
Ealing,ealing,2022,30502,E09000009,Ealing,ealing,377916,80.71105748367361,8071.105748367362
Ealing,ealing,2023,31956,E09000009,Ealing,ealing,385818,82.8266177316766,8282.66177316766
Ealing,ealing,2024,31380,E09000009,Ealing,ealing,393434,79.75924805685325,7975.924805685325
Ealing,ealing,2025,7745,E09000009,Ealing,ealing,397010,19.508324727336845,1950.8324727336844
Enfield,enfield,2010,19233,E09000010,Enfield,enfield,307648,62.516252340337005,6251.6252340337005
Enfield,enfield,2011,26517,E09000010,Enfield,enfield,314011,84.44608628360153,8444.608628360153
Enfield,enfield,2012,25891,E09000010,Enfield,enfield,317363,81.58165885752278,8158.165885752278
Enfield,enfield,2013,25314,E09000010,Enfield,enfield,320600,78.95820336868371,7895.820336868372
Enfield,enfield,2014,25117,E09000010,Enfield,enfield,324650,77.36639457877715,7736.639457877714
Enfield,enfield,2015,25339,E09000010,Enfield,enfield,328509,77.1333509888618,7713.33509888618
Enfield,enfield,2016,25591,E09000010,Enfield,enfield,331471,77.20434065121836,7720.434065121835
Enfield,enfield,2017,27372,E09000010,Enfield,enfield,335647,81.5499617157311,8154.996171573111
Enfield,enfield,2018,30536,E09000010,Enfield,enfield,337697,90.4242560638679,9042.42560638679
Enfield,enfield,2019,33146,E09000010,Enfield,enfield,339480,97.63756333215507,9763.756333215506
Enfield,enfield,2020,30559,E09000010,Enfield,enfield,342993,89.09511272824811,8909.511272824811
Enfield,enfield,2021,30678,E09000010,Enfield,enfield,346635,88.50231511532304,8850.231511532304
Enfield,enfield,2022,31739,E09000010,Enfield,enfield,349994,90.68441173277256,9068.441173277255
Enfield,enfield,2023,30048,E09000010,Enfield,enfield,352879,85.15100076796863,8515.100076796862
Enfield,enfield,2024,29477,E09000010,Enfield,enfield,355209,82.98494689042225,8298.494689042225
Enfield,enfield,2025,7136,E09000010,Enfield,enfield,356949,19.991651468417057,1999.1651468417058
Greenwich,greenwich,2010,19875,E09000011,Greenwich,greenwich,249171,79.76449907894579,7976.449907894578
Greenwich,greenwich,2011,24615,E09000011,Greenwich,greenwich,255483,96.34691936449784,9634.691936449784
Greenwich,greenwich,2012,23214,E09000011,Greenwich,greenwich,260068,89.26127012935078,8926.127012935078
Greenwich,greenwich,2013,21691,E09000011,Greenwich,greenwich,264008,82.16038907911881,8216.038907911881
Greenwich,greenwich,2014,22392,E09000011,Greenwich,greenwich,268678,83.34139750928621,8334.139750928622
Greenwich,greenwich,2015,23304,E09000011,Greenwich,greenwich,274803,84.80256765755833,8480.256765755832
Greenwich,greenwich,2016,25084,E09000011,Greenwich,greenwich,279766,89.66064496758005,8966.064496758005
Greenwich,greenwich,2017,27393,E09000011,Greenwich,greenwich,282774,96.8724140126037,9687.24140126037
Greenwich,greenwich,2018,27649,E09000011,Greenwich,greenwich,286322,96.56610389701106,9656.610389701107
Greenwich,greenwich,2019,30532,E09000011,Greenwich,greenwich,289650,105.40997755912308,10540.997755912309
Greenwich,greenwich,2020,26323,E09000011,Greenwich,greenwich,292466,90.00362435291625,9000.362435291625
Greenwich,greenwich,2021,26780,E09000011,Greenwich,greenwich,294837,90.82984835688872,9082.984835688872
Greenwich,greenwich,2022,27967,E09000011,Greenwich,greenwich,297039,94.15261968967039,9415.26196896704
Greenwich,greenwich,2023,28350,E09000011,Greenwich,greenwich,300514,94.33836693132433,9433.836693132433
Greenwich,greenwich,2024,27734,E09000011,Greenwich,greenwich,306500,90.48613376835236,9048.613376835236
Greenwich,greenwich,2025,6549,E09000011,Greenwich,greenwich,312027,20.9885682969743,2098.8568296974304
Hackney,hackney,2010,22597,E09000012,Hackney,hackney,241739,93.47684899829981,9347.684899829981
Hackney,hackney,2011,29100,E09000012,Hackney,hackney,247578,117.5387150716138,11753.87150716138
Hackney,hackney,2012,30510,E09000012,Hackney,hackney,252515,120.82450547492228,12082.450547492228
Hackney,hackney,2013,28758,E09000012,Hackney,hackney,257775,111.56240907768402,11156.240907768402
Hackney,hackney,2014,27968,E09000012,Hackney,hackney,263546,106.12189143451238,10612.189143451238
Hackney,hackney,2015,30028,E09000012,Hackney,hackney,269405,111.46044060058277,11146.044060058277
Hackney,hackney,2016,31655,E09000012,Hackney,hackney,273922,115.56209431882068,11556.20943188207
Hackney,hackney,2017,34565,E09000012,Hackney,hackney,277475,124.56978106135688,12456.978106135688
Hackney,hackney,2018,34227,E09000012,Hackney,hackney,281740,121.48434727053312,12148.43472705331
Hackney,hackney,2019,37212,E09000012,Hackney,hackney,286425,129.9188269180414,12991.882691804138
Hackney,hackney,2020,32746,E09000012,Hackney,hackney,289488,113.11695130713535,11311.695130713535
Hackney,hackney,2021,32842,E09000012,Hackney,hackney,292023,112.46374429411382,11246.374429411382
Hackney,hackney,2022,33060,E09000012,Hackney,hackney,294312,112.32977248634103,11232.977248634103
Hackney,hackney,2023,32333,E09000012,Hackney,hackney,296177,109.16782869702914,10916.782869702914
Hackney,hackney,2024,33833,E09000012,Hackney,hackney,297569,113.69799945558844,11369.799945558845
Hackney,hackney,2025,7490,E09000012,Hackney,hackney,298472,25.094481224369456,2509.4481224369456
Hammersmith And Fulham,hammersmith and fulham,2010,18699,E09000013,Hammersmith and Fulham,hammersmith and fulham,180842,103.3996527355371,10339.96527355371
Hammersmith And Fulham,hammersmith and fulham,2011,24428,E09000013,Hammersmith and Fulham,hammersmith and fulham,182790,133.63969582581103,13363.969582581103
Hammersmith And Fulham,hammersmith and fulham,2012,22966,E09000013,Hammersmith and Fulham,hammersmith and fulham,180195,127.45081717028775,12745.081717028776
Hammersmith And Fulham,hammersmith and fulham,2013,19662,E09000013,Hammersmith and Fulham,hammersmith and fulham,179030,109.82516896609506,10982.516896609506
Hammersmith And Fulham,hammersmith and fulham,2014,20210,E09000013,Hammersmith and Fulham,hammersmith and fulham,178710,113.08824352302612,11308.824352302612
Hammersmith And Fulham,hammersmith and fulham,2015,21150,E09000013,Hammersmith and Fulham,hammersmith and fulham,179754,117.66080309756667,11766.080309756668
Hammersmith And Fulham,hammersmith and fulham,2016,21468,E09000013,Hammersmith and Fulham,hammersmith and fulham,179998,119.2679918665763,11926.79918665763
Hammersmith And Fulham,hammersmith and fulham,2017,22666,E09000013,Hammersmith and Fulham,hammersmith and fulham,181889,124.61446266679128,12461.446266679128
Hammersmith And Fulham,hammersmith and fulham,2018,22682,E09000013,Hammersmith and Fulham,hammersmith and fulham,184050,123.23825047541429,12323.825047541428
Hammersmith And Fulham,hammersmith and fulham,2019,24095,E09000013,Hammersmith and Fulham,hammersmith and fulham,186075,129.490796721752,12949.079672175198
Hammersmith And Fulham,hammersmith and fulham,2020,19487,E09000013,Hammersmith and Fulham,hammersmith and fulham,190721,102.17542902983939,10217.54290298394
Hammersmith And Fulham,hammersmith and fulham,2021,20356,E09000013,Hammersmith and Fulham,hammersmith and fulham,195981,103.86721161745271,10386.721161745272
Hammersmith And Fulham,hammersmith and fulham,2022,20562,E09000013,Hammersmith and Fulham,hammersmith and fulham,201406,102.0922911929138,10209.229119291382
Hammersmith And Fulham,hammersmith and fulham,2023,21962,E09000013,Hammersmith and Fulham,hammersmith and fulham,206689,106.25625940422567,10625.625940422568
Hammersmith And Fulham,hammersmith and fulham,2024,21493,E09000013,Hammersmith and Fulham,hammersmith and fulham,211895,101.43231317397768,10143.231317397767
Hammersmith And Fulham,hammersmith and fulham,2025,5037,E09000013,Hammersmith and Fulham,hammersmith and fulham,215227,23.403197554210205,2340.3197554210205
Haringey,haringey,2010,20551,E09000014,Haringey,haringey,252742,81.31216813984221,8131.2168139842215
Haringey,haringey,2011,28214,E09000014,Haringey,haringey,256438,110.0226955443421,11002.26955443421
Haringey,haringey,2012,27686,E09000014,Haringey,haringey,259810,106.56248797197952,10656.248797197952
Haringey,haringey,2013,23848,E09000014,Haringey,haringey,264284,90.23626099196319,9023.626099196319
Haringey,haringey,2014,26030,E09000014,Haringey,haringey,268439,96.96802625549938,9696.802625549939
Haringey,haringey,2015,27740,E09000014,Haringey,haringey,273762,101.32889151891058,10132.889151891059
Haringey,haringey,2016,30277,E09000014,Haringey,haringey,279349,108.38413597328073,10838.413597328074
Haringey,haringey,2017,32220,E09000014,Haringey,haringey,282397,114.09469647340447,11409.469647340446
Haringey,haringey,2018,33793,E09000014,Haringey,haringey,284288,118.86889351643404,11886.889351643404
Haringey,haringey,2019,34502,E09000014,Haringey,haringey,285949,120.65787955194808,12065.787955194808
Haringey,haringey,2020,29843,E09000014,Haringey,haringey,288913,103.29407122559387,10329.407122559387
Haringey,haringey,2021,30500,E09000014,Haringey,haringey,291330,104.69227336697216,10469.227336697217
Haringey,haringey,2022,29866,E09000014,Haringey,haringey,293503,101.75705188703351,10175.705188703352
Haringey,haringey,2023,30306,E09000014,Haringey,haringey,295263,102.640696599303,10264.0696599303
Haringey,haringey,2024,28274,E09000014,Haringey,haringey,296572,95.33603981495219,9533.603981495218
Haringey,haringey,2025,6677,E09000014,Haringey,haringey,297410,22.450489223630676,2245.0489223630675
Harrow,harrow,2010,12917,E09000015,Harrow,harrow,237451,54.39859170944742,5439.859170944742
Harrow,harrow,2011,16244,E09000015,Harrow,harrow,241063,67.3848744933897,6738.48744933897
Harrow,harrow,2012,16020,E09000015,Harrow,harrow,242941,65.94193651956648,6594.193651956648
Harrow,harrow,2013,14249,E09000015,Harrow,harrow,243937,58.41262293133063,5841.2622931330625
Harrow,harrow,2014,13951,E09000015,Harrow,harrow,246575,56.5791341376863,5657.913413768631
Harrow,harrow,2015,14521,E09000015,Harrow,harrow,247694,58.62475473770055,5862.475473770055
Harrow,harrow,2016,15436,E09000015,Harrow,harrow,249316,61.91339504885366,6191.339504885366
Harrow,harrow,2017,15820,E09000015,Harrow,harrow,252052,62.76482630568296,6276.482630568296
Harrow,harrow,2018,16582,E09000015,Harrow,harrow,255369,64.93348840305597,6493.348840305597
Harrow,harrow,2019,18926,E09000015,Harrow,harrow,258861,73.11259710810049,7311.259710810049
Harrow,harrow,2020,16485,E09000015,Harrow,harrow,261348,63.07681711740668,6307.681711740667
Harrow,harrow,2021,15771,E09000015,Harrow,harrow,263484,59.855626907136674,5985.5626907136675
Harrow,harrow,2022,16123,E09000015,Harrow,harrow,265449,60.73859762138867,6073.859762138867
Harrow,harrow,2023,15742,E09000015,Harrow,harrow,267120,58.93231506439054,5893.231506439053
Harrow,harrow,2024,16534,E09000015,Harrow,harrow,268448,61.591071641435214,6159.107164143522
Harrow,harrow,2025,3794,E09000015,Harrow,harrow,269422,14.081997758163771,1408.1997758163773
Havering,havering,2010,14103,E09000016,Havering,havering,236234,59.69928122116207,5969.928122116206
Havering,havering,2011,19802,E09000016,Havering,havering,238281,83.10356260045911,8310.356260045912
Havering,havering,2012,19245,E09000016,Havering,havering,240087,80.15844256457035,8015.844256457034
Havering,havering,2013,17706,E09000016,Havering,havering,242434,73.03431036900764,7303.431036900765
Havering,havering,2014,17243,E09000016,Havering,havering,246328,70.00016238511253,7000.016238511253
Havering,havering,2015,18153,E09000016,Havering,havering,249439,72.77530779068229,7277.530779068229
Havering,havering,2016,19078,E09000016,Havering,havering,253137,75.36630362214927,7536.630362214927
Havering,havering,2017,20791,E09000016,Havering,havering,256162,81.16348248374075,8116.348248374075
Havering,havering,2018,20350,E09000016,Havering,havering,257511,79.02575035629546,7902.575035629546
Havering,havering,2019,20734,E09000016,Havering,havering,258655,80.1608319962885,8016.08319962885
Havering,havering,2020,17655,E09000016,Havering,havering,261830,67.42924798533399,6742.9247985334
Havering,havering,2021,17859,E09000016,Havering,havering,265930,67.15677057872372,6715.677057872373
Havering,havering,2022,20276,E09000016,Havering,havering,271368,74.71772648212021,7471.7726482120215
Havering,havering,2023,21314,E09000016,Havering,havering,276649,77.04347386037904,7704.347386037904
Havering,havering,2024,20345,E09000016,Havering,havering,281728,72.21504429804634,7221.504429804634
Havering,havering,2025,4456,E09000016,Havering,havering,284971,15.636678819950099,1563.6678819950098
Hillingdon,hillingdon,2010,20342,E09000017,Hillingdon,hillingdon,269465,75.49032341862579,7549.03234186258
Hillingdon,hillingdon,2011,28330,E09000017,Hillingdon,hillingdon,276134,102.59511686355175,10259.511686355176
Hillingdon,hillingdon,2012,25433,E09000017,Hillingdon,hillingdon,282391,90.06306858221403,9006.306858221402
Hillingdon,hillingdon,2013,22492,E09000017,Hillingdon,hillingdon,287443,78.24855710523478,7824.855710523478
Hillingdon,hillingdon,2014,25468,E09000017,Hillingdon,hillingdon,293325,86.8251938975539,8682.51938975539
Hillingdon,hillingdon,2015,25556,E09000017,Hillingdon,hillingdon,298370,85.65204276569361,8565.20427656936
Hillingdon,hillingdon,2016,26498,E09000017,Hillingdon,hillingdon,303106,87.42156209378896,8742.156209378898
Hillingdon,hillingdon,2017,28980,E09000017,Hillingdon,hillingdon,307040,94.38509640437728,9438.50964043773
Hillingdon,hillingdon,2018,28935,E09000017,Hillingdon,hillingdon,309926,93.3609958506224,9336.09958506224
Hillingdon,hillingdon,2019,32261,E09000017,Hillingdon,hillingdon,312567,103.2130711175524,10321.30711175524
Hillingdon,hillingdon,2020,27248,E09000017,Hillingdon,hillingdon,316253,86.15886647715595,8615.886647715595
Hillingdon,hillingdon,2021,25445,E09000017,Hillingdon,hillingdon,319467,79.64828918166822,7964.8289181668215
Hillingdon,hillingdon,2022,27664,E09000017,Hillingdon,hillingdon,322492,85.7819728861491,8578.19728861491
Hillingdon,hillingdon,2023,24429,E09000017,Hillingdon,hillingdon,325182,75.12408435891285,7512.408435891285
Hillingdon,hillingdon,2024,28889,E09000017,Hillingdon,hillingdon,327456,88.22253982214404,8822.253982214404
Hillingdon,hillingdon,2025,7175,E09000017,Hillingdon,hillingdon,329302,21.788510242877358,2178.851024287736
Hounslow,hounslow,2010,19277,E09000018,Hounslow,hounslow,249236,77.34436437753774,7734.436437753775
Hounslow,hounslow,2011,26418,E09000018,Hounslow,hounslow,255334,103.46448181597437,10346.448181597438
Hounslow,hounslow,2012,26563,E09000018,Hounslow,hounslow,259459,102.37841046176852,10237.841046176853
Hounslow,hounslow,2013,22445,E09000018,Hounslow,hounslow,262814,85.40260412306802,8540.260412306801
Hounslow,hounslow,2014,22205,E09000018,Hounslow,hounslow,265975,83.48528997086193,8348.528997086192
Hounslow,hounslow,2015,23530,E09000018,Hounslow,hounslow,269177,87.41460080170296,8741.460080170296
Hounslow,hounslow,2016,24619,E09000018,Hounslow,hounslow,271546,90.66235554933603,9066.235554933603
Hounslow,hounslow,2017,27024,E09000018,Hounslow,hounslow,274970,98.2798123431647,9827.981234316472
Hounslow,hounslow,2018,27681,E09000018,Hounslow,hounslow,278264,99.47747462841043,9947.747462841044
Hounslow,hounslow,2019,28957,E09000018,Hounslow,hounslow,281339,102.92565197146503,10292.565197146503
Hounslow,hounslow,2020,25525,E09000018,Hounslow,hounslow,284358,89.76360784644709,8976.360784644708
Hounslow,hounslow,2021,24570,E09000018,Hounslow,hounslow,286947,85.62556848477244,8562.556848477245
Hounslow,hounslow,2022,25776,E09000018,Hounslow,hounslow,289358,89.07996322894131,8907.99632289413
Hounslow,hounslow,2023,27585,E09000018,Hounslow,hounslow,291460,94.64420503671172,9464.420503671172
Hounslow,hounslow,2024,26612,E09000018,Hounslow,hounslow,293167,90.77420037043733,9077.420037043734
Hounslow,hounslow,2025,6039,E09000018,Hounslow,hounslow,294459,20.50879748963353,2050.879748963353
Islington,islington,2010,22279,E09000019,Islington,islington,200129,111.32319653823285,11132.319653823284
Islington,islington,2011,29370,E09000019,Islington,islington,206639,142.1319305648982,14213.19305648982
Islington,islington,2012,29524,E09000019,Islington,islington,211400,139.65941343424788,13965.941343424787
Islington,islington,2013,26390,E09000019,Islington,islington,216024,122.16235233122245,12216.235233122245
Islington,islington,2014,27290,E09000019,Islington,islington,221383,123.27053116092924,12327.053116092924
Islington,islington,2015,29795,E09000019,Islington,islington,228045,130.65403758030214,13065.403758030214
Islington,islington,2016,29597,E09000019,Islington,islington,233218,126.90701403836755,12690.701403836754
Islington,islington,2017,34359,E09000019,Islington,islington,235370,145.97867187831926,14597.867187831926
Islington,islington,2018,31044,E09000019,Islington,islington,238267,130.2908082109566,13029.080821095662
Islington,islington,2019,32504,E09000019,Islington,islington,241589,134.5425495366097,13454.254953660968
Islington,islington,2020,26846,E09000019,Islington,islington,242827,110.55607490106124,11055.607490106124
Islington,islington,2021,26109,E09000019,Islington,islington,244372,106.84120930384823,10684.120930384823
Islington,islington,2022,28788,E09000019,Islington,islington,245839,117.10102953559037,11710.102953559037
Islington,islington,2023,29033,E09000019,Islington,islington,247009,117.53822735203981,11753.822735203981
Islington,islington,2024,30507,E09000019,Islington,islington,247841,123.09101399687702,12309.101399687703
Islington,islington,2025,7551,E09000019,Islington,islington,248352,30.404425976034016,3040.4425976034017
Kensington And Chelsea,kensington and chelsea,2010,16758,E09000020,Kensington and Chelsea,kensington and chelsea,160463,104.43529037846731,10443.52903784673
Kensington And Chelsea,kensington and chelsea,2011,21551,E09000020,Kensington and Chelsea,kensington and chelsea,158652,135.83818672314246,13583.818672314246
Kensington And Chelsea,kensington and chelsea,2012,22465,E09000020,Kensington and Chelsea,kensington and chelsea,156331,143.70150513973556,14370.150513973556
Kensington And Chelsea,kensington and chelsea,2013,19661,E09000020,Kensington and Chelsea,kensington and chelsea,155995,126.03609090034936,12603.609090034937
Kensington And Chelsea,kensington and chelsea,2014,19572,E09000020,Kensington and Chelsea,kensington and chelsea,156591,124.98802613177003,12498.802613177002
Kensington And Chelsea,kensington and chelsea,2015,20893,E09000020,Kensington and Chelsea,kensington and chelsea,158112,132.14050799433312,13214.050799433313
Kensington And Chelsea,kensington and chelsea,2016,21338,E09000020,Kensington and Chelsea,kensington and chelsea,157127,135.80097628033374,13580.097628033374
Kensington And Chelsea,kensington and chelsea,2017,22714,E09000020,Kensington and Chelsea,kensington and chelsea,157954,143.80135988958813,14380.135988958811
Kensington And Chelsea,kensington and chelsea,2018,23289,E09000020,Kensington and Chelsea,kensington and chelsea,159301,146.19493914036948,14619.49391403695
Kensington And Chelsea,kensington and chelsea,2019,26540,E09000020,Kensington and Chelsea,kensington and chelsea,160531,165.3263232646654,16532.63232646654
Kensington And Chelsea,kensington and chelsea,2020,19055,E09000020,Kensington and Chelsea,kensington and chelsea,160794,118.50566563428984,11850.566563428983
Kensington And Chelsea,kensington and chelsea,2021,19496,E09000020,Kensington and Chelsea,kensington and chelsea,161552,120.67940972566109,12067.940972566108
Kensington And Chelsea,kensington and chelsea,2022,22155,E09000020,Kensington and Chelsea,kensington and chelsea,162446,136.38378291863143,13638.378291863142
Kensington And Chelsea,kensington and chelsea,2023,23156,E09000020,Kensington and Chelsea,kensington and chelsea,163255,141.83945361550948,14183.945361550948
Kensington And Chelsea,kensington and chelsea,2024,23074,E09000020,Kensington and Chelsea,kensington and chelsea,164020,140.67796610169492,14067.796610169491
Kensington And Chelsea,kensington and chelsea,2025,5184,E09000020,Kensington and Chelsea,kensington and chelsea,164730,31.46967765434347,3146.967765434347
Kingston Upon Thames,kingston upon thames,2010,9183,E09000021,Kingston upon Thames,kingston upon thames,158648,57.88286016842317,5788.286016842318
Kingston Upon Thames,kingston upon thames,2011,12117,E09000021,Kingston upon Thames,kingston upon thames,160469,75.50991157170543,7550.991157170543
Kingston Upon Thames,kingston upon thames,2012,11725,E09000021,Kingston upon Thames,kingston upon thames,163939,71.52050457792228,7152.0504577922275
Kingston Upon Thames,kingston upon thames,2013,10463,E09000021,Kingston upon Thames,kingston upon thames,166826,62.71804155227602,6271.804155227602
Kingston Upon Thames,kingston upon thames,2014,10405,E09000021,Kingston upon Thames,kingston upon thames,169991,61.20912283591484,6120.912283591484
Kingston Upon Thames,kingston upon thames,2015,10885,E09000021,Kingston upon Thames,kingston upon thames,173558,62.71678631927079,6271.678631927079
Kingston Upon Thames,kingston upon thames,2016,11102,E09000021,Kingston upon Thames,kingston upon thames,176140,63.02940842511638,6302.940842511638
Kingston Upon Thames,kingston upon thames,2017,12483,E09000021,Kingston upon Thames,kingston upon thames,178419,69.96452171573655,6996.4521715736555
Kingston Upon Thames,kingston upon thames,2018,12891,E09000021,Kingston upon Thames,kingston upon thames,179581,71.78376331571826,7178.376331571826
Kingston Upon Thames,kingston upon thames,2019,13575,E09000021,Kingston upon Thames,kingston upon thames,180598,75.16694537038063,7516.694537038063
Kingston Upon Thames,kingston upon thames,2020,11507,E09000021,Kingston upon Thames,kingston upon thames,182728,62.97338120047283,6297.338120047283
Kingston Upon Thames,kingston upon thames,2021,11709,E09000021,Kingston upon Thames,kingston upon thames,184660,63.40842629697822,6340.842629697822
Kingston Upon Thames,kingston upon thames,2022,12195,E09000021,Kingston upon Thames,kingston upon thames,186434,65.41188838945686,6541.188838945685
Kingston Upon Thames,kingston upon thames,2023,12306,E09000021,Kingston upon Thames,kingston upon thames,187973,65.46684896235097,6546.684896235097
Kingston Upon Thames,kingston upon thames,2024,11206,E09000021,Kingston upon Thames,kingston upon thames,189276,59.20454785604092,5920.454785604092
Kingston Upon Thames,kingston upon thames,2025,2862,E09000021,Kingston upon Thames,kingston upon thames,190330,15.03704092891294,1503.704092891294
Lambeth,lambeth,2010,28474,E09000022,Lambeth,lambeth,297650,95.66269108012766,9566.269108012766
Lambeth,lambeth,2011,39331,E09000022,Lambeth,lambeth,304808,129.03532715676755,12903.532715676754
Lambeth,lambeth,2012,38253,E09000022,Lambeth,lambeth,310527,123.1873556888773,12318.73556888773
Lambeth,lambeth,2013,36194,E09000022,Lambeth,lambeth,314569,115.0590172585347,11505.90172585347
Lambeth,lambeth,2014,35376,E09000022,Lambeth,lambeth,318543,111.05565025757903,11105.565025757904
Lambeth,lambeth,2015,36560,E09000022,Lambeth,lambeth,324758,112.5761336133367,11257.61336133367
Lambeth,lambeth,2016,38076,E09000022,Lambeth,lambeth,328237,116.0015476622075,11600.154766220749
Lambeth,lambeth,2017,37194,E09000022,Lambeth,lambeth,331157,112.31530663703319,11231.530663703319
Lambeth,lambeth,2018,37574,E09000022,Lambeth,lambeth,334724,112.25367765681577,11225.367765681576
Lambeth,lambeth,2019,38483,E09000022,Lambeth,lambeth,338028,113.84559858946596,11384.559858946597
Lambeth,lambeth,2020,32576,E09000022,Lambeth,lambeth,340324,95.72054865363596,9572.054865363596
Lambeth,lambeth,2021,33421,E09000022,Lambeth,lambeth,342250,97.65084002921841,9765.084002921842
Lambeth,lambeth,2022,35036,E09000022,Lambeth,lambeth,343982,101.85416678779703,10185.416678779704
Lambeth,lambeth,2023,35901,E09000022,Lambeth,lambeth,345285,103.97497719275381,10397.497719275381
Lambeth,lambeth,2024,38398,E09000022,Lambeth,lambeth,346100,110.94481363767697,11094.481363767696
Lambeth,lambeth,2025,8446,E09000022,Lambeth,lambeth,346448,24.37883895995936,2437.8838959959357
Lewisham,lewisham,2010,23285,E09000023,Lewisham,lewisham,272525,85.4417025960921,8544.170259609211
Lewisham,lewisham,2011,30248,E09000023,Lewisham,lewisham,277525,108.99198270426088,10899.198270426088
Lewisham,lewisham,2012,27984,E09000023,Lewisham,lewisham,282143,99.18374724873557,9918.374724873558
Lewisham,lewisham,2013,25698,E09000023,Lewisham,lewisham,286767,89.61282155896599,8961.282155896599
Lewisham,lewisham,2014,23866,E09000023,Lewisham,lewisham,292520,81.58758375495692,8158.758375495692
Lewisham,lewisham,2015,26108,E09000023,Lewisham,lewisham,297912,87.63661752463815,8763.661752463815
Lewisham,lewisham,2016,26643,E09000023,Lewisham,lewisham,302454,88.08942847507389,8808.94284750739
Lewisham,lewisham,2017,27110,E09000023,Lewisham,lewisham,306380,88.48488804752267,8848.488804752267
Lewisham,lewisham,2018,28267,E09000023,Lewisham,lewisham,310324,91.0886686173161,9108.86686173161
Lewisham,lewisham,2019,31406,E09000023,Lewisham,lewisham,314027,100.01050865053004,10001.050865053005
Lewisham,lewisham,2020,29317,E09000023,Lewisham,lewisham,317465,92.34718787897879,9234.718787897878
Lewisham,lewisham,2021,28496,E09000023,Lewisham,lewisham,320574,88.89055257132517,8889.055257132519
Lewisham,lewisham,2022,29475,E09000023,Lewisham,lewisham,323421,91.13508399269064,9113.508399269065
Lewisham,lewisham,2023,30161,E09000023,Lewisham,lewisham,325830,92.56667587392198,9256.667587392198
Lewisham,lewisham,2024,30258,E09000023,Lewisham,lewisham,327730,92.32600006102584,9232.600006102584
Lewisham,lewisham,2025,6790,E09000023,Lewisham,lewisham,329136,20.629770064654124,2062.9770064654126
Merton,merton,2010,12131,E09000024,Merton,merton,199136,60.9181664791901,6091.81664791901
Merton,merton,2011,16428,E09000024,Merton,merton,201226,81.63954956118991,8163.954956118991
Merton,merton,2012,15413,E09000024,Merton,merton,202908,75.96053383799554,7596.0533837995545
Merton,merton,2013,13535,E09000024,Merton,merton,203906,66.37862544505802,6637.862544505801
Merton,merton,2014,13405,E09000024,Merton,merton,204198,65.64706804180257,6564.706804180257
Merton,merton,2015,13944,E09000024,Merton,merton,205248,67.93732460243218,6793.732460243218
Merton,merton,2016,14444,E09000024,Merton,merton,205712,70.21466905187836,7021.466905187835
Merton,merton,2017,15140,E09000024,Merton,merton,208225,72.70980910073239,7270.980910073238
Merton,merton,2018,15341,E09000024,Merton,merton,209421,73.25435367035779,7325.43536703578
Merton,merton,2019,16015,E09000024,Merton,merton,210452,76.09811263375973,7609.811263375972
Merton,merton,2020,14296,E09000024,Merton,merton,212658,67.22531012235608,6722.531012235608
Merton,merton,2021,13788,E09000024,Merton,merton,214740,64.20787929589271,6420.787929589271
Merton,merton,2022,14780,E09000024,Merton,merton,216662,68.21685390146864,6821.685390146864
Merton,merton,2023,14256,E09000024,Merton,merton,218298,65.3052249677047,6530.522496770471
Merton,merton,2024,13898,E09000024,Merton,merton,220418,63.052926711974514,6305.292671197451
Merton,merton,2025,3279,E09000024,Merton,merton,222714,14.722918182063093,1472.2918182063092
Newham,newham,2010,28213,E09000025,Newham,newham,299171,94.30392651694181,9430.392651694181
Newham,newham,2011,34119,E09000025,Newham,newham,311912,109.38662186770627,10938.662186770627
Newham,newham,2012,34932,E09000025,Newham,newham,315536,110.70686070686071,11070.686070686072
Newham,newham,2013,31013,E09000025,Newham,newham,319679,97.01294110654752,9701.294110654751
Newham,newham,2014,30915,E09000025,Newham,newham,325774,94.89707588696459,9489.707588696458
Newham,newham,2015,32194,E09000025,Newham,newham,334269,96.31165318949708,9631.165318949708
Newham,newham,2016,32879,E09000025,Newham,newham,342430,96.01670414391262,9601.670414391263
Newham,newham,2017,36053,E09000025,Newham,newham,347448,103.76516773733049,10376.516773733048
Newham,newham,2018,37721,E09000025,Newham,newham,353245,106.78424323061897,10678.424323061898
Newham,newham,2019,37664,E09000025,Newham,newham,359470,104.77647647926113,10477.647647926115
Newham,newham,2020,33872,E09000025,Newham,newham,363552,93.16961535076138,9316.961535076138
Newham,newham,2021,33782,E09000025,Newham,newham,366943,92.06334498818617,9206.334498818618
Newham,newham,2022,36049,E09000025,Newham,newham,370004,97.42867644674112,9742.867644674112
Newham,newham,2023,37976,E09000025,Newham,newham,372515,101.94488812531038,10194.488812531039
Newham,newham,2024,40620,E09000025,Newham,newham,374424,108.48663547208511,10848.663547208513
Newham,newham,2025,9714,E09000025,Newham,newham,387234,25.085607152264522,2508.5607152264524
Redbridge,redbridge,2010,19639,E09000026,Redbridge,redbridge,275088,71.39170011051009,7139.170011051009
Redbridge,redbridge,2011,27613,E09000026,Redbridge,redbridge,281521,98.08504516536955,9808.504516536954
Redbridge,redbridge,2012,25681,E09000026,Redbridge,redbridge,284743,90.19010124919664,9019.010124919665
Redbridge,redbridge,2013,23068,E09000026,Redbridge,redbridge,288398,79.98668506716412,7998.668506716413
Redbridge,redbridge,2014,22529,E09000026,Redbridge,redbridge,293181,76.84331522165489,7684.331522165488
Redbridge,redbridge,2015,21578,E09000026,Redbridge,redbridge,296919,72.6730185673534,7267.301856735339
Redbridge,redbridge,2016,22037,E09000026,Redbridge,redbridge,299375,73.61002087682672,7361.002087682672
Redbridge,redbridge,2017,26149,E09000026,Redbridge,redbridge,303887,86.04843247654556,8604.843247654557
Redbridge,redbridge,2018,26047,E09000026,Redbridge,redbridge,305910,85.14595796149193,8514.595796149193
Redbridge,redbridge,2019,26022,E09000026,Redbridge,redbridge,307690,84.57213429100719,8457.213429100719
Redbridge,redbridge,2020,24397,E09000026,Redbridge,redbridge,312264,78.12940332539134,7812.940332539134
Redbridge,redbridge,2021,25380,E09000026,Redbridge,redbridge,316288,80.24332254148119,8024.332254148118
Redbridge,redbridge,2022,25464,E09000026,Redbridge,redbridge,320018,79.57052415801611,7957.0524158016115
Redbridge,redbridge,2023,24587,E09000026,Redbridge,redbridge,323302,76.04963779995175,7604.963779995174
Redbridge,redbridge,2024,23953,E09000026,Redbridge,redbridge,326070,73.45968657036833,7345.968657036833
Redbridge,redbridge,2025,5601,E09000026,Redbridge,redbridge,328279,17.061706658056107,1706.1706658056105
Richmond Upon Thames,richmond upon thames,2010,9124,E09000027,Richmond upon Thames,richmond upon thames,186304,48.97372037100653,4897.372037100653
Richmond Upon Thames,richmond upon thames,2011,12529,E09000027,Richmond upon Thames,richmond upon thames,187527,66.811712446741,6681.1712446741
Richmond Upon Thames,richmond upon thames,2012,12630,E09000027,Richmond upon Thames,richmond upon thames,189145,66.774167966375,6677.416796637501
Richmond Upon Thames,richmond upon thames,2013,11511,E09000027,Richmond upon Thames,richmond upon thames,191365,60.152065424711935,6015.206542471194
Richmond Upon Thames,richmond upon thames,2014,11444,E09000027,Richmond upon Thames,richmond upon thames,193585,59.11615052819175,5911.615052819176
Richmond Upon Thames,richmond upon thames,2015,11405,E09000027,Richmond upon Thames,richmond upon thames,194730,58.56827402043856,5856.827402043856
Richmond Upon Thames,richmond upon thames,2016,12103,E09000027,Richmond upon Thames,richmond upon thames,195846,61.79855600829223,6179.8556008292235
Richmond Upon Thames,richmond upon thames,2017,14572,E09000027,Richmond upon Thames,richmond upon thames,197988,73.60042022748853,7360.042022748853
Richmond Upon Thames,richmond upon thames,2018,14043,E09000027,Richmond upon Thames,richmond upon thames,199419,70.41956884750199,7041.956884750199
Richmond Upon Thames,richmond upon thames,2019,14022,E09000027,Richmond upon Thames,richmond upon thames,200703,69.8644265407094,6986.44265407094
Richmond Upon Thames,richmond upon thames,2020,13088,E09000027,Richmond upon Thames,richmond upon thames,201713,64.88426625948749,6488.426625948749
Richmond Upon Thames,richmond upon thames,2021,11770,E09000027,Richmond upon Thames,richmond upon thames,203312,57.89131974502243,5789.131974502243
Richmond Upon Thames,richmond upon thames,2022,12072,E09000027,Richmond upon Thames,richmond upon thames,205051,58.87315838498715,5887.315838498715
Richmond Upon Thames,richmond upon thames,2023,12274,E09000027,Richmond upon Thames,richmond upon thames,206708,59.37844689126691,5937.844689126691
Richmond Upon Thames,richmond upon thames,2024,12179,E09000027,Richmond upon Thames,richmond upon thames,208321,58.46266098953058,5846.266098953059
Richmond Upon Thames,richmond upon thames,2025,2705,E09000027,Richmond upon Thames,richmond upon thames,209625,12.903995229576624,1290.3995229576624
Southwark,southwark,2010,29535,E09000028,Southwark,southwark,283777,104.07820225035856,10407.820225035855
Southwark,southwark,2011,37435,E09000028,Southwark,southwark,289361,129.37126979793408,12937.126979793406
Southwark,southwark,2012,35282,E09000028,Southwark,southwark,294174,119.93582029683112,11993.582029683113
Southwark,southwark,2013,35061,E09000028,Southwark,southwark,299109,117.21813786947233,11721.813786947232
Southwark,southwark,2014,32264,E09000028,Southwark,southwark,303182,106.41792718565087,10641.792718565086
Southwark,southwark,2015,33878,E09000028,Southwark,southwark,309545,109.44450726065676,10944.450726065677
Southwark,southwark,2016,35323,E09000028,Southwark,southwark,313867,112.54129934016638,11254.129934016637
Southwark,southwark,2017,37037,E09000028,Southwark,southwark,317735,116.565691535399,11656.5691535399
Southwark,southwark,2018,38363,E09000028,Southwark,southwark,322302,119.02811648702149,11902.811648702149
Southwark,southwark,2019,42554,E09000028,Southwark,southwark,327271,130.02679736365275,13002.679736365275
Southwark,southwark,2020,33927,E09000028,Southwark,southwark,330290,102.71882285264465,10271.882285264464
Southwark,southwark,2021,33430,E09000028,Southwark,southwark,332679,100.48725648447903,10048.725648447904
Southwark,southwark,2022,36286,E09000028,Southwark,southwark,334826,108.37270701797351,10837.270701797352
Southwark,southwark,2023,37748,E09000028,Southwark,southwark,336554,112.16030711267732,11216.030711267731
Southwark,southwark,2024,39786,E09000028,Southwark,southwark,339444,117.20931876833882,11720.931876833882
Southwark,southwark,2025,9421,E09000028,Southwark,southwark,343402,27.43431896145043,2743.431896145043
Sutton,sutton,2010,9833,E09000029,Sutton,sutton,189321,51.938242455934635,5193.824245593463
Sutton,sutton,2011,12317,E09000029,Sutton,sutton,191515,64.31350024802235,6431.350024802235
Sutton,sutton,2012,12182,E09000029,Sutton,sutton,194022,62.78669429239983,6278.669429239983
Sutton,sutton,2013,11011,E09000029,Sutton,sutton,196306,56.09100078448952,5609.100078448952
Sutton,sutton,2014,11436,E09000029,Sutton,sutton,198526,57.60454550033749,5760.454550033749
Sutton,sutton,2015,11429,E09000029,Sutton,sutton,200537,56.991976542982094,5699.197654298209
Sutton,sutton,2016,11689,E09000029,Sutton,sutton,202612,57.691548378180954,5769.154837818095
Sutton,sutton,2017,12841,E09000029,Sutton,sutton,204933,62.65950334987533,6265.950334987533
Sutton,sutton,2018,13013,E09000029,Sutton,sutton,207378,62.75014707442449,6275.0147074424485
Sutton,sutton,2019,14954,E09000029,Sutton,sutton,209666,71.32296128127594,7132.296128127594
Sutton,sutton,2020,13675,E09000029,Sutton,sutton,211297,64.71932871739779,6471.932871739778
Sutton,sutton,2021,13497,E09000029,Sutton,sutton,213340,63.26521046217305,6326.521046217305
Sutton,sutton,2022,14166,E09000029,Sutton,sutton,215228,65.81857379151411,6581.857379151411
Sutton,sutton,2023,13277,E09000029,Sutton,sutton,216865,61.222419477555164,6122.241947755516
Sutton,sutton,2024,13072,E09000029,Sutton,sutton,218218,59.90339935294064,5990.339935294064
Sutton,sutton,2025,2997,E09000029,Sutton,sutton,219275,13.66776878349105,1366.7768783491051
Tower Hamlets,tower hamlets,2010,22456,E09000030,Tower Hamlets,tower hamlets,248520,90.35892483502333,9035.892483502334
Tower Hamlets,tower hamlets,2011,30510,E09000030,Tower Hamlets,tower hamlets,256685,118.86163975300465,11886.163975300466
Tower Hamlets,tower hamlets,2012,30753,E09000030,Tower Hamlets,tower hamlets,263676,116.63177536066992,11663.177536066993
Tower Hamlets,tower hamlets,2013,29467,E09000030,Tower Hamlets,tower hamlets,273563,107.71559019311822,10771.559019311822
Tower Hamlets,tower hamlets,2014,28234,E09000030,Tower Hamlets,tower hamlets,284688,99.17523745293093,9917.523745293092
Tower Hamlets,tower hamlets,2015,30517,E09000030,Tower Hamlets,tower hamlets,295909,103.12967838085358,10312.967838085357
Tower Hamlets,tower hamlets,2016,32795,E09000030,Tower Hamlets,tower hamlets,305527,107.33912223796915,10733.912223796915
Tower Hamlets,tower hamlets,2017,33954,E09000030,Tower Hamlets,tower hamlets,311044,109.16140481732488,10916.140481732487
Tower Hamlets,tower hamlets,2018,36007,E09000030,Tower Hamlets,tower hamlets,317203,113.51405882037685,11351.405882037685
Tower Hamlets,tower hamlets,2019,37301,E09000030,Tower Hamlets,tower hamlets,323696,115.23466462359745,11523.466462359745
Tower Hamlets,tower hamlets,2020,32965,E09000030,Tower Hamlets,tower hamlets,328043,100.48987480299839,10048.987480299838
Tower Hamlets,tower hamlets,2021,33959,E09000030,Tower Hamlets,tower hamlets,331620,102.40335323563114,10240.335323563115
Tower Hamlets,tower hamlets,2022,34351,E09000030,Tower Hamlets,tower hamlets,334834,102.5911347115287,10259.11347115287
Tower Hamlets,tower hamlets,2023,36672,E09000030,Tower Hamlets,tower hamlets,341358,107.42973652294658,10742.973652294659
Tower Hamlets,tower hamlets,2024,36686,E09000030,Tower Hamlets,tower hamlets,348363,105.30969132772425,10530.969132772425
Tower Hamlets,tower hamlets,2025,8093,E09000030,Tower Hamlets,tower hamlets,353945,22.865134413538826,2286.5134413538826
Waltham Forest,waltham forest,2010,22999,E09000031,Waltham Forest,waltham forest,254009,90.54403584124972,9054.403584124972
Waltham Forest,waltham forest,2011,28394,E09000031,Waltham Forest,waltham forest,260397,109.04119479103062,10904.119479103063
Waltham Forest,waltham forest,2012,26697,E09000031,Waltham Forest,waltham forest,263221,101.42427845802577,10142.427845802576
Waltham Forest,waltham forest,2013,24818,E09000031,Waltham Forest,waltham forest,266452,93.1424796961554,9314.24796961554
Waltham Forest,waltham forest,2014,22973,E09000031,Waltham Forest,waltham forest,268675,85.50479203498651,8550.479203498651
Waltham Forest,waltham forest,2015,23631,E09000031,Waltham Forest,waltham forest,271825,86.93460866366229,8693.46086636623
Waltham Forest,waltham forest,2016,23116,E09000031,Waltham Forest,waltham forest,276498,83.60277470361449,8360.277470361449
Waltham Forest,waltham forest,2017,24921,E09000031,Waltham Forest,waltham forest,280050,88.98768077129084,8898.768077129083
Waltham Forest,waltham forest,2018,25628,E09000031,Waltham Forest,waltham forest,283524,90.39093692244748,9039.093692244749
Waltham Forest,waltham forest,2019,25937,E09000031,Waltham Forest,waltham forest,286776,90.44341227996765,9044.341227996765
Waltham Forest,waltham forest,2020,24877,E09000031,Waltham Forest,waltham forest,290024,85.77565994538384,8577.565994538383
Waltham Forest,waltham forest,2021,23385,E09000031,Waltham Forest,waltham forest,292788,79.87007664248534,7987.007664248534
Waltham Forest,waltham forest,2022,23482,E09000031,Waltham Forest,waltham forest,295311,79.51617108742987,7951.617108742987
Waltham Forest,waltham forest,2023,23252,E09000031,Waltham Forest,waltham forest,297439,78.17401215039051,7817.401215039051
Waltham Forest,waltham forest,2024,25128,E09000031,Waltham Forest,waltham forest,299105,84.01063171795857,8401.063171795857
Waltham Forest,waltham forest,2025,5701,E09000031,Waltham Forest,waltham forest,300284,18.985360525369316,1898.5360525369317
Wandsworth,wandsworth,2010,21043,E09000032,Wandsworth,wandsworth,302620,69.53605181415637,6953.605181415637
Wandsworth,wandsworth,2011,25745,E09000032,Wandsworth,wandsworth,308300,83.50632500810897,8350.632500810898
Wandsworth,wandsworth,2012,28965,E09000032,Wandsworth,wandsworth,308902,93.76760267010249,9376.76026701025
Wandsworth,wandsworth,2013,25753,E09000032,Wandsworth,wandsworth,311106,82.77885993841328,8277.885993841328
Wandsworth,wandsworth,2014,24315,E09000032,Wandsworth,wandsworth,312735,77.74953235167155,7774.953235167155
Wandsworth,wandsworth,2015,25320,E09000032,Wandsworth,wandsworth,315134,80.34677311873679,8034.677311873679
Wandsworth,wandsworth,2016,26668,E09000032,Wandsworth,wandsworth,316686,84.20959562468818,8420.959562468817
Wandsworth,wandsworth,2017,27244,E09000032,Wandsworth,wandsworth,319731,85.20912892400175,8520.912892400174
Wandsworth,wandsworth,2018,28173,E09000032,Wandsworth,wandsworth,324400,86.84648581997534,8684.648581997533
Wandsworth,wandsworth,2019,28818,E09000032,Wandsworth,wandsworth,328828,87.63852226696022,8763.852226696023
Wandsworth,wandsworth,2020,26580,E09000032,Wandsworth,wandsworth,332731,79.8843510222973,7988.43510222973
Wandsworth,wandsworth,2021,27199,E09000032,Wandsworth,wandsworth,337783,80.52211034895184,8052.211034895185
Wandsworth,wandsworth,2022,25838,E09000032,Wandsworth,wandsworth,343147,75.29717584592026,7529.717584592026
Wandsworth,wandsworth,2023,27093,E09000032,Wandsworth,wandsworth,348272,77.7926448293288,7779.264482932879
Wandsworth,wandsworth,2024,25980,E09000032,Wandsworth,wandsworth,353279,73.53961033630644,7353.961033630643
Wandsworth,wandsworth,2025,6014,E09000032,Wandsworth,wandsworth,357242,16.83452673537826,1683.452673537826
Westminster,westminster,2010,48487,E09000033,Westminster,westminster,217187,223.25001035973608,22325.001035973608
Westminster,westminster,2011,67309,E09000033,Westminster,westminster,219582,306.53241158200586,30653.241158200584
Westminster,westminster,2012,65564,E09000033,Westminster,westminster,223858,292.8820948994452,29288.20948994452
Westminster,westminster,2013,58241,E09000033,Westminster,westminster,226841,256.7481187263325,25674.81187263325
Westminster,westminster,2014,51500,E09000033,Westminster,westminster,233292,220.7533906006207,22075.33906006207
Westminster,westminster,2015,51283,E09000033,Westminster,westminster,242299,211.65171956962266,21165.171956962266
Westminster,westminster,2016,52401,E09000033,Westminster,westminster,247614,211.62373694540696,21162.373694540696
Westminster,westminster,2017,59434,E09000033,Westminster,westminster,250049,237.68941287507647,23768.94128750765
Westminster,westminster,2018,66384,E09000033,Westminster,westminster,254375,260.9690417690418,26096.90417690418
Westminster,westminster,2019,84858,E09000033,Westminster,westminster,258511,328.25682466123294,32825.6824661233
Westminster,westminster,2020,49713,E09000033,Westminster,westminster,259981,191.21781976375195,19121.781976375198
Westminster,westminster,2021,51040,E09000033,Westminster,westminster,262317,194.5737409317734,19457.37409317734
Westminster,westminster,2022,77874,E09000033,Westminster,westminster,264875,294.0028315243039,29400.28315243039
Westminster,westminster,2023,90454,E09000033,Westminster,westminster,267274,338.431721753706,33843.17217537059
Westminster,westminster,2024,91416,E09000033,Westminster,westminster,269593,339.0889229319752,33908.892293197525
Westminster,westminster,2025,21175,E09000033,Westminster,westminster,270541,78.26909784468899,7826.909784468898
